{
  "project_info": {
    "project_number": "902813052812",
    "firebase_url": "https://farmers-hub-adab7-default-rtdb.firebaseio.com",
    "project_id": "farmers-hub-adab7",
    "storage_bucket": "farmers-hub-adab7.appspot.com"
  },
  "client": [
    {
      "client_info": {
        "mobilesdk_app_id": "1:902813052812:android:ed03500c56453fe5b3f0a9",
        "android_client_info": {
          "package_name": "com.cu.lab.example.aadesh1.hub"
        }
      },
      "oauth_client": [
        {
          "client_id": "902813052812-si39f69jluca94cc3rmgpgtp0ls6oq9u.apps.googleusercontent.com",
          "client_type": 1,
          "android_info": {
            "package_name": "com.cu.lab.example.aadesh1.hub",
            "certificate_hash": "3b28ff85ba777aef967772b245bf478c8d00e413"
          }
        },
        {
          "client_id": "902813052812-fdm278jj6gmqkavsdg2moup1cvmd7vf1.apps.googleusercontent.com",
          "client_type": 3
        }
      ],
      "api_key": [
        {
          "current_key": "AIzaSyCzz7oa1uxeDlwlHaLIxf0yhxeZ_Ur3ql4"
        }
      ],
      "services": {
        "appinvite_service": {
          "other_platform_oauth_client": [
            {
              "client_id": "902813052812-fdm278jj6gmqkavsdg2moup1cvmd7vf1.apps.googleusercontent.com",
              "client_type": 3
            }
          ]
        }
      }
    }
  ],
  "configuration_version": "1"
}